id,name,cost,rarity,description
horseshoe,Horseshoe,2,common,+4 mult
wedding_ring,Wedding Ring,3,common,If played hand contains a Pair +8 mult
town_choir,Town Choir,4,common,If played hand contains 3 of a Kind +12 mult
deputy_brothers,Deputy Brothers,4,common,If played hand contains Two Pair +10 mult
work_boots,Work Boots,3,common,If played hand contains Pair +50 miles
buffalo_stampede,Buffalo Stampede,4,common,If played hand contains 3 of a Kind +100 miles
trail_rations,Trail Rations,5,common,+30 miles per unused reroll
deadeye,Deadeye,5,common,+20 mult if 3 or fewer dice are scored
stubborn_mule,Stubborn Mule,5,common,+15 mult when 0 rerolls remaining
toolbelt,Toolbelt,4,common,+3 mult for each piece of equipment. Currently +0
even_odds,Even Odds,4,common,+4 mult when an even value is scored
odd_fellow,Odd Fellow,4,common,+31 miles when an odd value is scored
dynamite,Dynamite,5,common,+15 mult. 1 in 6 chance to be destroyed at end of round.
spare_holster,Spare Holster,4,common,+1 reroll per leg
payday,Payday,6,common,Earn $4 at end of round. Jesse Rawlins (Outlaw) earns $12
bottom_dollar,Bottom Dollar,5,common,Adds double the rank of lowest held-in-hand die to mult
ace_in_the_hole,Ace in the Hole,8,rare,Each 1 held in hand gives x1.5 mult
prospectors_pouch,Prospector's Pouch,6,common,Each enhanced die held in hand has a  1 in 2  chance to give  $1
eleventh_crossing,The Eleventh Crossing,5,common,Each  11  held in hand gives  +11 mult
rabbits_foot,Rabbit's Foot,6,uncommon,"Item gains x0.25 mult for every lucky dice trigger
Also makes Rabbit's Foot supply cards 2 times more likely"
collectors_case,Collector's Case,8,rare,Uncommon equipment each give x1.5 mult
money_wagon,Money Wagon,6,uncommon,+2 miles for every $1 you have
bargain_bin,Bargain Bin,6,uncommon,Item gains  +2  mult per reroll in the shop
fading_memory,Fading Memory,5,common,"+20  mult,  -4  mult per round played, removed after  5 rounds"
card_counter,Card Counter,6,uncommon,Item gains  +2  mult if played hand contains  Two Pair . Victor Hale (Con Artist) gains  +4  mult if played hand contains  Two Pair .
lucky_number,Lucky Number,8,rare,Each played  7  gives  x1.5  mult when scored. Number changes each round.
worn_deck,Worn Deck,6,uncommon,x2  Mult. Loses  x0.01  mult per dice rerolled
war_drums,War Drums,6,uncommon,Retrigger all dice played for the next  10 days  of travel
snake_oil_ledger,Snake Oil Ledger,9,rare,Item gains  x0.25  mult for each card sold. Resets when boss is defeated.
gold_tooth,Gold Tooth,4,common,"Played gold dice earn  $4
Also makes Pan for Gold supply cards 2 times more likely"
guardian_totem,Guardian Totem,5,uncommon,Prevents death if miles travelled is at least  25%  of required distance. Card is destroyed if used.
high_noon,High Noon,6,uncommon,x3  mult on  final day  of round
desperado,Desperado,4,common,Add the sell value of all other owned equipment as  mult
mystery_crate,Mystery Crate,6,uncommon,Add a dice at the start of each round with a random sticker
trail_repair_kit,Trail Repair Kit,5,uncommon,Negates negative trail event penalties. Gains  x0.25  mult each time it prevents a penalty.
scouts_spyglass,Scout's Spyglass,6,uncommon,"View from the spyglass before the next trail event. 
Avoid to skip it, or investigate for  +20  stored miles and face the full event."
saint_elmos_shield,Saint Elmo's Shield,20,legendary,Disables all boss effects and negative effects from trail events are prevented. Divine favor intervenes.
book_of_the_dead,Book of the Dead,20,legendary,Gains  x1  mult for each destroyed enhanced dice
devils_hand,The Devil's Hand,20,legendary,Played  6 's give  x2  mult when scored
twenty_third_psalm,The 23rd Psalm,20,legendary,Item gains  x1  mult for every  23  dice rerolled
sharpening_stone,Sharpening Stone,6,uncommon,x1  mult. Gains  x0.1  mult for every  10  dice scored
ghost_lantern,Ghost Lantern,20,legendary,Creates a ghost copy of a random consumable card in your possession at the end of the shop phase
seventh_trumpet,The Seventh Trumpet,20,legendary,"Retriggers all played dice, and all held in hand effects"
twin_colts,Twin Colts,4,common,If played hand contains  Two Pair   +80  miles
rail_line,Rail Line,4,common,If played hand contains a  4 Straight   +80  miles
long_haul,Long Haul,4,common,If played hand contains a  5 Straight   +100  miles
silver_bullets,Silver Bullets,5,uncommon,Retrigger all dice held in hand
funeral_pyre,Funeral Pyre,6,uncommon,"When starting round, destroy equipment to right and add double its sell value as  mult"
quarry_stone,Quarry Stone,6,uncommon,Add one stone die to collection when starting round
six_shooter,Six Shooter,5,uncommon,x4  mult every  6th  hand played
wild_card,Wild Card,4,common,+0  to  +23  mult  random
bank_note,Bank Note,1,common,"Go up to  $20  in debt. When Charles Whitlock (Banker) sells this item, his debt is wiped clean."
snake_eyes,Snake Eyes,5,uncommon,1 in 4  chance to get a supply card when a 1 is scored. Abigail Turner (Merchant) has a  1 in 2  chance.
coupon_book,Coupon Book,4,common,1 free reroll per shop visit
last_stand,Last Stand,5,uncommon,Retrigger all played dice on final day of round
lucky_find,Lucky Find,8,rare,"If one die is scored alone on day 1, give it a random enhancement, aura, and sticker"
iron_furnace,Iron Furnace,7,uncommon,"x0.2  mult for each steel die in collection
Also makes Coffee Tin supply cards 2 times more likely
Currently in collection: 0 steel dice x1.0"
rainy_day_fund,Rainy Day Fund,4,common,$1 per unused reroll at end of round
one_eyed_jack,One-Eyed Jack,6,uncommon,Retrigger each played 1
gold_pan,Gold Pan,4,common,"1 in 2 chance to give $2 when an enhanced die scores.
Davis Holler (Prospector) has a guaranteed chance."
trail_journal,Trail Journal,5,uncommon,Adds the number of times the hand has been played this trip as  mult
marked,Marked,6,uncommon,+1  mult per hand played without scoring a 6. Scoring a 6 resets mult to 0. Isaac Granger (Demon Hunter) gets  +2  per hand.
surveyors_transit,Surveyor's Transit,5,uncommon,1 in 4  chance to upgrade trail knowledge of hand type played.  1 in 2  chance if used by Elias Mercer (Surveyor).
guide_lantern,Guide Lantern,6,uncommon,"Gain  x0.1 mult for every trail guide used.
Caleb Winters (Scout) gains  x0.2 mult for every trail guide used."
steam_engine,Steam Engine,5,uncommon,Gains  +100  miles.  -5  miles per hand played.
bloodline,Bloodline,8,rare,"If first day of round only scores one die, add a permanent copy to your collection"
open_palm,Open Palm,3,common,All dice count when scoring
hellfire_round,Hellfire Round,6,rare,"If first hand of round is a single enhanced 6, destroy it and gain a Frontier Encounter card"
cowboy_boots,Cowboy Boots,5,uncommon,Every played die permanently gains  +5  miles when scored
trail_tax,Trail Tax,4,common,"+2  mult per day travelled,  -1  mult per reroll used"
wanted_poster,Wanted Poster,4,common,Earn  $4  when hand is  High Value
nitro,Nitro,4,rare,x3  mult.  1 in 1000  chance to be destroyed at end of round.
repeat_offender,Repeat Offender,6,uncommon,x3  mult if played hand has already been played this round
tight_fist,Tight Fist,5,uncommon,Gains  +3  mult when any booster pack is skipped
haunted_totem,Haunted Totem,4,uncommon,Gains  x0.5  mult when round starts (not boss rounds). Destroys one random equipment.
square_dance,Square Dance,4,common,Gains  +4  miles if played hand has exactly  4 dice
junk_dealer,Junk Dealer,6,uncommon,"When round starts, create 2 common pieces of equipment.
Occult Trader (Vivian Crowe) can also create uncommon/rare equipment."
new_blood,New Blood,7,uncommon,Gains  x0.25  mult for every new dice added to collection
emergency_supplies,Emergency Supplies,8,uncommon,Create a random supply card if hand is played with  $4  or less. Dr. Eleanor Sykes (Doctor) gets a supply card if hand is played with  $8  or less.
railroad_bonds,Railroad Bonds,6,uncommon,"Earn  $1  at end of round, increased by  $2  for every boss defeated"
leftovers,Leftovers,4,common,1 in 2 chance to gain a supply card when opening a booster pack. Martha Delaney (Cook) has a 1 in 1 chance.
rustler,Rustler,5,common,Choose 1 additional item when opening any booster pack
campfire_stories,Campfire Stories,6,uncommon,"+1  mult per supply card used this journey
Currently:  +undefined"
quarry_mine,Quarry Mine,6,uncommon,"+25 miles for each stone die in collection
Also makes Chisel supply cards 2 times more likely"
antique_revolver,Antique Revolver,4,common,"When round starts, gain  $3  of sell value to current card"
hardtack,Hardtack,6,uncommon,"When round starts, gain  +3 days  and lose all rerolls"
manifest_destiny,Manifest Destiny,5,uncommon,Gains  +15  miles if hand contains a  5 Straight
rail_splitter,Rail Splitter,4,common,If played hand contains a  4 Straight   +8  mult
open_range,Open Range,3,common,If played hand contains  5 Straight +12  mult
one_man_posse,One-Man Posse,8,rare,x1  mult for each empty equipment slot
covered_wagon,Covered Wagon,6,uncommon,"Gains  +12 miles for every Wood die scored
Also makes Firewood supply cards 2 times more likely"
moonshine,Moonshine,6,uncommon,"Retrigger all enhanced dice. Enhanced dice have  1 in 6  chance of being destroyed, diamond dice  1 in 3 ."
burn_barrel,Burn Barrel,6,uncommon,"At start of each round, destroy one standard non-enhanced die. If destroyed, earn  $3 ."
shortcut_trail,Shortcut Trail,6,uncommon,x0.25  mult for each round of journey skipped
quick_draw,Quick Draw,4,common,Retrigger first played die 2 additional times
last_laugh,Last Laugh,5,uncommon,Retrigger last played die 1 additional time
lucky_penny,Lucky Penny,7,uncommon,Played lucky dice earn  $1  when scored
bone_charm,Bone Charm,7,uncommon,"Played bone dice have  1 in 2  chance to give  x1.5  mult
Also makes Buzzards supply cards 2 times more likely"
wood_axe,Wood Axe,7,uncommon,"Played wooden dice give  +50  miles when scored
Also makes Firewood supply cards 2 times more likely"
iron_spurs,Iron Spurs,7,uncommon,"Played iron dice give  +7  mult when scored
Also makes Coffee Tin supply cards 2 times more likely"
diamond_coffin,Diamond Coffin,6,uncommon,"Item gains  x0.75  mult for every diamond die that is destroyed
Also makes Pick Axe supply cards 2 times more likely"
counterfeit_goods,Counterfeit Goods,5,uncommon,Allows items/trail guides/supplies/frontier encounter cards to appear multiple times in the shop and packs
rainbow_trail,Rainbow Trail,5,uncommon,"x2  if 2 different enhanced dice score,  x3  if 3,  x4  if 4,  x5  if 5 different"
loaded_dice,Loaded Dice,4,uncommon,Doubles all listed probabilities
one_armed_bandit,One Armed Bandit,6,uncommon,1 in 4 chance for x4 mult and $10 when a hand is scored
gamblers_dice_cup,Gambler's Dice Cup,8,rare,All dice have  1 in 6  odds of rolling the selected loaded die value.
mirror_lake,Mirror Lake,10,rare,"Copies the ability of: 
Nothing to copy"
echo_chamber,Echo Chamber,10,rare,"Copies the leftmost ability: 
Nothing to copy"
five_mile_marker,5 Mile Marker,8,uncommon,Gains  +5  miles each time a  5  pip is scored
trail_backpack,Trail Backpack,7,uncommon,"+2 rerolls  per day,  -1 dice  when rolling"
hitched_pair,Hitched Pair,8,uncommon,x2  mult if hand contains  Pair
hat_trick,Hat Trick,8,uncommon,x3  mult if hand contains  3 of a Kind
posse_wagon,Posse Wagon,8,uncommon,x4  mult if hand contains  4 of a Kind
five_finger_fillet,Five Finger Fillet,8,uncommon,x5  mult if hand contains  5 of a Kind
snake_river,Snake River,8,uncommon,x3  mult if hand contains  5 Straight
express_train,Express Train,7,uncommon,"+250  miles,  -2 rerolls"
phantom_wagon,Phantom Wagon,8,rare,"After 2 rounds, sell this card to duplicate a random item (removes ghost aura)"
trail_almanac,Trail Almanac,6,uncommon,$1  at end of round for every type of trail guide discovered
blessed_herd,Blessed Herd,7,uncommon,x3  mult if you have at least  16  enhanced dice in collection
supply_drop,Supply Drop,6,uncommon,Create a random supply card at start of round
explorers_guild,Explorer's Guild,8,uncommon,All trail guides and trail guide packs are free in the shop
graverobber,Graverobber,7,uncommon,"Gains  x0.1  mult per scored enhanced dice, removes dice enhancement"
pack_saddle,Pack Saddle,4,common,+1 hand size
coffee,Coffee,6,uncommon,"+2 hand size ,  -1 day  per round"
flour_sack,Flour Sack,6,uncommon,"+5 hand size , reduces by  1 each round . Hank Caldwell (Farmer) keeps the full  +5  with no decay."
oil_baron,Oil Baron,7,uncommon,+2  mult for every  $5  you have
trailblazer,Trailblazer,8,rare,Earns  x0.2  mult per consecutive hand played without playing your most played hand
golden_spike,Golden Spike,7,uncommon,All scored dice have a  1 in 4  chance to turn into a gold dice
sheriffs_badge,Sheriff's Badge,5,uncommon,Sell this item to disable the current boss effect
bounty_contract,Bounty Contract,6,uncommon,Sell this item to gain a free Twin Wagon tag
double_barrel,Double Barrel,5,common,First played  2  pip die gives  x2  mult when scored
raffle_ticket,Raffle Ticket,6,uncommon,At the end of each round add  $1  of sell value to each piece of equipment/consumable
ghost_town,Ghost Town,6,uncommon,"+30  miles for each dice below the collection's starting size
Currently:  +80"
savings_account,Savings Account,5,uncommon,"Earn an extra  $1  of interest for every  $5  you have at end of round.
Henry Pritchard (Accountant): this bonus ignores the interest cap (base interest is still capped)."
six_feet_under,Six Feet Under,5,common,"+6  mult for each dice below the collection's starting size"
eight_second_ride,Eight Second Ride,8,rare,"Each consecutive scored  8  gains  +0.5  xMult over the previous
( x1 ,  x1.5 ,  x2 ,  x2.5 ,  x3 ...)"
stacked_deck,Stacked Deck,10,rare,"Loaded dice are considered all pip values for equipment effects
Also makes Loaded supply cards 2 times more likely"
pack_mule,Pack Mule,5,uncommon,Adds  +2  consumable slots
loaded_chamber,Loaded Chamber,5,uncommon,"Retrigger all scored  lucky  dice
Also makes Rabbit's Foot supply cards 2 times more likely"
stew,Stew,6,common,"First hand each round has  1 in 2  to gain +1 trail guide level
Lasts for  5 rounds"
pioneer_spirit,Pioneer Spirit,8,rare,"+12  miles for each trail guide level above 1 on every hand type
Currently:  +0  miles"
cursed_dice,Cursed Dice,7,uncommon,"Scored loaded dice have  1 in 7  to be destroyed and grant a frontier card
Also makes Loaded supply cards 2 times more likely"
pocket_watch,Pocket Watch,4,common,Gains +10 miles per travel day left and +1 mult per reroll left after each round
sandwich,Sandwich,8,uncommon,"At end of round, gain a random mega pack/grab-bag tag (lasts 5 rounds)"
penny_pincher,Penny Pincher,6,common,Gain  $5  whenever a pack is skipped
campfire_embers,Campfire Embers,6,uncommon,Gains  x0.2  at end of each non-boss round
potluck,Potluck,7,uncommon,"After boss defeat, fill free consumable slots with  Second Helpings"
fresh_trail,Fresh Trail,5,common,+5  miles per new hand type each round; bonus miles carry over between rounds
silver_reserve,Silver Reserve,8,rare,Gain  x0.4  mult for every  $25  you have
dust_trail,Dust Trail,8,rare,x1  mult per day travelled. Resets every round
blackjack,Blackjack,7,rare,x3  mult when played dice sum to  21 .  -0.5  mult per point below  21 . Over  21  is  bust
roulette_wheel,Roulette Wheel,5,uncommon,x1.0  to  x4.0  xMult  random  each day
offering_bowl,Offering Bowl,4,common,"Round start: destroy a random consumable. If destroyed, gain  +4  mult"
supply_caravan,Supply Caravan,4,common,"+16  miles for each equipment card owned
Currently:  +0"
split_trail,Split Trail,7,uncommon,Gain  x2.5  if scored hand contains both odd and even values
pawn_broker,Pawn Broker,5,uncommon,This item gains  $1  sell value whenever money is earned
alchemy_kit,Alchemy Kit,7,uncommon,"Gold dice also count as steel, and steel dice also count as gold
Also makes Coffee Tin and Pan for Gold supply cards 2 times more likely"
